# target: Neptune, the disc's darker half through F140M, found again in the other filters by place
# source: JWST NIRCam, program 2739, filters F140M F210M F300M F460M, 2022-07-12; each value at its filter's pivot wavelength
# archive: MAST, calibration level 3 images:
#   jw02739-o004_t003_nircam_clear-f140m_i2d.fits, pipeline 3.0.0
#   jw02739-o004_t003_nircam_clear-f210m_i2d.fits, pipeline 3.0.0
#   jw02739-o004_t003_nircam_clear-f300m_i2d.fits, pipeline 3.0.0
#   jw02739-o004_t003_nircam_clear-f460m_i2d.fits, pipeline 3.0.0
# units: surface brightness in MJy/sr, mean over the region
nm,mjy_per_sr
1404.00,89.4941
2093.00,7.5058
2989.00,10.2442
4630.00,20.8165
