# target: Neptune, whole disc
# source: Karkoschka, E. (1998), Methane, ammonia, and temperature measurements of the Jovian planets and Titan from CCD-spectrophotometry, Icarus 133, 134-146, doi:10.1006/icar.1998.5913
# archive: NASA PDS Atmospheres Node, data set ESO-J/S/N/U-SPECTROPHOTOMETER-4-V2.0, volume GBAT_0001, file DATA/1995LOW.TAB, column NEPTUNE ALBEDO (column 7). Copy read from the Internet Archive snapshot of 2024-02-09 of https://atmos.nmsu.edu/PDS/data/gbat_0001/data/1995low.tab (the NMSU host refused connections from here).
# quantity: geometric albedo of Neptune (full-disk albedo at zero phase angle), dimensionless. ESO 1.52 m telescope, Boller and Chivens spectrograph, 6-10 July 1995.
# range: 300.31 to 1049.69 nm; 1875 rows; sampling 0.4 nm, resolution 1 nm, as given.
# wavelength: nm in standard air, taken from the AIR WAVELENGTH column. The table also gives vacuum wavelength (column 1), which is 0.1 to 0.3 nm larger. No unit conversion.
# accuracy per the authors: relative albedo 2 percent, absolute albedo 4 percent of the value; scattered light may affect the ends of the range and the deepest methane bands.
# no interpolation, smoothing or gap filling. Values are the tabulated digits (4 decimals).
nm,value
300.31,0.6933
300.71,0.6152
301.11,0.5610
301.51,0.5482
301.91,0.5592
302.31,0.5786
302.71,0.5755
303.11,0.5744
303.51,0.5740
303.91,0.5776
304.31,0.5839
304.71,0.5748
305.11,0.5683
305.51,0.5706
305.91,0.5881
306.31,0.5853
306.71,0.5805
307.11,0.5787
307.51,0.5778
307.91,0.5809
308.31,0.5780
308.71,0.5776
309.11,0.5848
309.51,0.5954
309.91,0.5973
310.31,0.5898
310.71,0.5757
311.11,0.5681
311.51,0.5709
311.91,0.5757
312.31,0.5699
312.71,0.5648
313.11,0.5670
313.51,0.5690
313.91,0.5699
314.31,0.5808
314.71,0.5805
315.11,0.5675
315.51,0.5696
315.91,0.5816
316.31,0.5829
316.70,0.5748
317.10,0.5669
317.50,0.5647
317.90,0.5738
318.30,0.5800
318.70,0.5733
319.10,0.5709
319.50,0.5739
319.90,0.5712
320.30,0.5681
320.70,0.5714
321.10,0.5828
321.50,0.5801
321.90,0.5700
322.30,0.5738
322.70,0.5830
323.10,0.5819
323.50,0.5777
323.90,0.5762
324.30,0.5717
324.70,0.5714
325.10,0.5707
325.50,0.5653
325.90,0.5600
326.30,0.5586
326.70,0.5575
327.10,0.5566
327.50,0.5604
327.90,0.5661
328.30,0.5683
328.70,0.5694
329.10,0.5684
329.50,0.5676
329.90,0.5671
330.30,0.5712
330.70,0.5759
331.10,0.5729
331.50,0.5730
331.90,0.5740
332.30,0.5758
332.70,0.5765
333.10,0.5780
333.50,0.5824
333.90,0.5827
334.30,0.5718
334.70,0.5716
335.10,0.5766
335.50,0.5732
335.90,0.5858
336.30,0.5886
336.70,0.5806
337.10,0.5885
337.50,0.5788
337.90,0.5754
338.30,0.5755
338.70,0.5663
339.10,0.5736
339.50,0.5757
339.90,0.5615
340.30,0.5590
340.70,0.5645
341.10,0.5680
341.50,0.5727
341.90,0.5663
342.30,0.5640
342.70,0.5627
343.10,0.5601
343.50,0.5645
343.90,0.5787
344.30,0.5909
344.70,0.5733
345.10,0.5621
345.50,0.5625
345.90,0.5745
346.30,0.5797
346.70,0.5732
347.10,0.5734
347.50,0.5787
347.90,0.5715
348.30,0.5645
348.70,0.5669
349.10,0.5730
349.50,0.5775
349.89,0.5665
350.29,0.5560
350.69,0.5591
351.09,0.5667
351.49,0.5654
351.89,0.5581
352.29,0.5746
352.69,0.5750
353.09,0.5606
353.49,0.5583
353.89,0.5587
354.29,0.5596
354.69,0.5554
355.09,0.5568
355.49,0.5623
355.89,0.5610
356.29,0.5648
356.69,0.5828
357.09,0.5924
357.49,0.5852
357.89,0.5909
358.29,0.6063
358.69,0.5979
359.09,0.5782
359.49,0.5656
359.89,0.5606
360.29,0.5696
360.69,0.5865
361.09,0.5804
361.49,0.5666
361.89,0.5773
362.29,0.5718
362.69,0.5525
363.09,0.5627
363.49,0.5718
363.89,0.5615
364.29,0.5664
364.69,0.5781
365.09,0.5700
365.49,0.5564
365.89,0.5524
366.29,0.5518
366.69,0.5590
367.09,0.5632
367.49,0.5629
367.89,0.5671
368.29,0.5682
368.69,0.5723
369.09,0.5666
369.49,0.5643
369.89,0.5656
370.29,0.5733
370.69,0.5888
371.09,0.5723
371.49,0.5620
371.89,0.5880
372.29,0.5940
372.69,0.5729
373.09,0.5842
373.49,0.6155
373.89,0.6022
374.29,0.5935
374.69,0.6228
375.09,0.6007
375.49,0.5751
375.89,0.5884
376.29,0.5925
376.69,0.5849
377.09,0.5740
377.49,0.5681
377.89,0.5664
378.29,0.5617
378.69,0.5726
379.09,0.5820
379.49,0.5834
379.89,0.5863
380.29,0.5751
380.69,0.5737
381.09,0.5811
381.49,0.5979
381.89,0.6115
382.29,0.6281
382.69,0.6422
383.09,0.6403
383.48,0.6335
383.88,0.6237
384.28,0.5986
384.68,0.5849
385.08,0.5894
385.48,0.5985
385.88,0.6149
386.28,0.5997
386.68,0.5884
387.08,0.5990
387.48,0.5879
387.88,0.5817
388.28,0.5843
388.68,0.5877
389.08,0.5828
389.48,0.5802
389.88,0.5840
390.28,0.5839
390.68,0.5804
391.08,0.5709
391.48,0.5727
391.88,0.5870
392.28,0.5942
392.68,0.6095
393.08,0.6714
393.48,0.6720
393.88,0.6142
394.28,0.5965
394.68,0.5912
395.08,0.5867
395.48,0.5923
395.88,0.5993
396.28,0.6258
396.68,0.6739
397.08,0.6473
397.48,0.5932
397.88,0.5703
398.28,0.5665
398.68,0.5658
399.08,0.5601
399.48,0.5661
399.88,0.5691
400.28,0.5714
400.68,0.5751
401.08,0.5651
401.48,0.5602
401.88,0.5554
402.28,0.5512
402.68,0.5516
403.08,0.5652
403.48,0.5773
403.88,0.5687
404.28,0.5807
404.68,0.5886
405.08,0.5739
405.48,0.5709
405.88,0.5621
406.28,0.5620
406.68,0.5672
407.08,0.5730
407.48,0.5856
407.88,0.5839
408.28,0.5810
408.68,0.5808
409.08,0.5795
409.48,0.5886
409.88,0.6009
410.28,0.5976
410.68,0.5857
411.08,0.5849
411.48,0.5804
411.88,0.5815
412.28,0.5827
412.68,0.5810
413.08,0.5880
413.48,0.5896
413.88,0.5831
414.28,0.5927
414.68,0.5939
415.08,0.5889
415.48,0.5895
415.88,0.5815
416.28,0.5769
416.67,0.5831
417.07,0.5924
417.47,0.5964
417.87,0.5924
418.27,0.5908
418.67,0.5902
419.07,0.5804
419.47,0.5740
419.87,0.5821
420.27,0.5769
420.67,0.5731
421.07,0.5778
421.47,0.5884
421.87,0.5897
422.27,0.5975
422.67,0.6149
423.07,0.5967
423.47,0.5960
423.87,0.6002
424.27,0.5926
424.67,0.5977
425.07,0.6043
425.47,0.5959
425.87,0.6002
426.27,0.5969
426.67,0.5939
427.07,0.6175
427.47,0.6105
427.87,0.5962
428.27,0.6024
428.67,0.6069
429.07,0.6080
429.47,0.6063
429.87,0.6258
430.27,0.6315
430.67,0.6334
431.07,0.6288
431.47,0.5963
431.87,0.5847
432.27,0.6073
432.67,0.6068
433.07,0.5856
433.47,0.5891
433.87,0.6077
434.27,0.6003
434.67,0.5801
435.07,0.5872
435.47,0.5859
435.87,0.5760
436.27,0.5708
436.67,0.5650
437.07,0.5705
437.47,0.5765
437.87,0.5784
438.27,0.6023
438.67,0.6040
439.07,0.5851
439.47,0.5756
439.87,0.5523
440.27,0.5329
440.67,0.5166
441.07,0.5016
441.47,0.5136
441.87,0.5268
442.27,0.5395
442.67,0.5614
443.07,0.5760
443.47,0.5837
443.87,0.5830
444.27,0.5887
444.67,0.5914
445.07,0.5890
445.47,0.5973
445.87,0.6056
446.27,0.5974
446.67,0.5940
447.07,0.5914
447.47,0.5838
447.87,0.5926
448.27,0.5936
448.67,0.5884
449.07,0.5937
449.47,0.5918
449.86,0.5902
450.26,0.5855
450.66,0.5830
451.06,0.5869
451.46,0.5890
451.86,0.5870
452.26,0.5863
452.66,0.5936
453.06,0.5930
453.46,0.5842
453.86,0.5783
454.26,0.5783
454.66,0.5823
455.06,0.5792
455.46,0.5753
455.86,0.5735
456.26,0.5714
456.66,0.5708
457.06,0.5683
457.46,0.5685
457.86,0.5674
458.26,0.5590
458.66,0.5484
459.06,0.5392
459.46,0.5284
459.86,0.5295
460.26,0.5425
460.66,0.5598
461.06,0.5767
461.46,0.5843
461.86,0.5872
462.26,0.5890
462.66,0.5903
463.06,0.5921
463.46,0.5934
463.86,0.5919
464.26,0.5937
464.66,0.5933
465.06,0.5899
465.46,0.5864
465.86,0.5845
466.26,0.5859
466.66,0.5899
467.06,0.5904
467.46,0.5905
467.86,0.5936
468.26,0.5954
468.66,0.5959
469.06,0.5975
469.46,0.5968
469.86,0.5958
470.26,0.5961
470.66,0.5960
471.06,0.5959
471.46,0.5941
471.86,0.5918
472.26,0.5912
472.66,0.5949
473.06,0.5965
473.46,0.5959
473.86,0.5932
474.26,0.5875
474.66,0.5862
475.06,0.5849
475.46,0.5824
475.86,0.5814
476.26,0.5833
476.66,0.5816
477.06,0.5751
477.46,0.5706
477.86,0.5662
478.26,0.5622
478.66,0.5587
479.06,0.5515
479.46,0.5419
479.86,0.5350
480.26,0.5307
480.66,0.5230
481.06,0.5142
481.46,0.5075
481.86,0.5010
482.26,0.4974
482.66,0.4969
483.06,0.4906
483.45,0.4830
483.85,0.4718
484.25,0.4415
484.65,0.4043
485.05,0.3890
485.45,0.3908
485.85,0.3977
486.25,0.4216
486.65,0.4461
487.05,0.4737
487.45,0.5040
487.85,0.5291
488.25,0.5535
488.65,0.5746
489.05,0.5849
489.45,0.5868
489.85,0.5887
490.25,0.5917
490.65,0.5925
491.05,0.5922
491.45,0.5949
491.85,0.5996
492.25,0.5979
492.65,0.5894
493.05,0.5890
493.45,0.5910
493.85,0.5889
494.25,0.5830
494.65,0.5794
495.05,0.5836
495.45,0.5921
495.85,0.5933
496.25,0.5916
496.65,0.5935
497.05,0.5922
497.45,0.5905
497.85,0.5930
498.25,0.5951
498.65,0.5896
499.05,0.5829
499.45,0.5836
499.85,0.5828
500.25,0.5822
500.65,0.5780
501.05,0.5777
501.45,0.5778
501.85,0.5736
502.25,0.5666
502.65,0.5599
503.05,0.5537
503.45,0.5512
503.85,0.5528
504.25,0.5452
504.65,0.5378
505.05,0.5337
505.45,0.5248
505.85,0.5189
506.25,0.5160
506.65,0.5094
507.05,0.5003
507.45,0.4916
507.85,0.4865
508.25,0.4776
508.65,0.4659
509.05,0.4559
509.45,0.4543
509.85,0.4538
510.25,0.4505
510.65,0.4577
511.05,0.4694
511.45,0.4838
511.85,0.5005
512.25,0.5211
512.65,0.5402
513.05,0.5514
513.45,0.5621
513.85,0.5739
514.25,0.5816
514.65,0.5840
515.05,0.5858
515.45,0.5851
515.85,0.5812
516.25,0.5824
516.64,0.5912
517.04,0.5953
517.44,0.5785
517.84,0.5664
518.24,0.5731
518.64,0.5663
519.04,0.5518
519.44,0.5442
519.84,0.5355
520.24,0.5312
520.64,0.5302
521.04,0.5254
521.44,0.5224
521.84,0.5195
522.24,0.5189
522.64,0.5248
523.04,0.5266
523.44,0.5256
523.84,0.5278
524.24,0.5322
524.64,0.5393
525.04,0.5454
525.44,0.5506
525.84,0.5537
526.24,0.5614
526.64,0.5700
527.04,0.5677
527.44,0.5630
527.84,0.5609
528.24,0.5614
528.64,0.5586
529.04,0.5516
529.44,0.5512
529.84,0.5529
530.24,0.5478
530.64,0.5398
531.04,0.5322
531.44,0.5239
531.84,0.5159
532.24,0.5078
532.64,0.5008
533.04,0.4877
533.44,0.4759
533.84,0.4734
534.24,0.4671
534.64,0.4550
535.04,0.4439
535.44,0.4312
535.84,0.4165
536.24,0.4010
536.64,0.3879
537.04,0.3756
537.44,0.3595
537.84,0.3456
538.24,0.3382
538.64,0.3329
539.04,0.3264
539.44,0.3162
539.84,0.3044
540.24,0.2937
540.64,0.2825
541.04,0.2692
541.44,0.2578
541.84,0.2478
542.24,0.2407
542.64,0.2381
543.04,0.2365
543.44,0.2389
543.84,0.2461
544.24,0.2576
544.64,0.2789
545.04,0.3016
545.44,0.3266
545.84,0.3564
546.24,0.3871
546.64,0.4185
547.04,0.4461
547.44,0.4750
547.84,0.5022
548.24,0.5198
548.64,0.5312
549.04,0.5408
549.44,0.5480
549.84,0.5522
550.23,0.5544
550.63,0.5545
551.03,0.5567
551.43,0.5591
551.83,0.5543
552.23,0.5495
552.63,0.5491
553.03,0.5454
553.43,0.5374
553.83,0.5308
554.23,0.5251
554.63,0.5203
555.03,0.5158
555.43,0.5132
555.83,0.5105
556.23,0.5094
556.63,0.5106
557.03,0.5120
557.43,0.5141
557.83,0.5150
558.23,0.5171
558.63,0.5231
559.03,0.5258
559.43,0.5247
559.83,0.5277
560.23,0.5306
560.63,0.5270
561.03,0.5230
561.43,0.5259
561.83,0.5257
562.23,0.5221
562.63,0.5211
563.03,0.5182
563.43,0.5152
563.83,0.5111
564.23,0.5059
564.63,0.4987
565.03,0.4905
565.43,0.4845
565.83,0.4767
566.23,0.4666
566.63,0.4568
567.03,0.4475
567.43,0.4374
567.83,0.4292
568.23,0.4248
568.63,0.4225
569.03,0.4177
569.43,0.4100
569.83,0.4018
570.23,0.3959
570.63,0.3928
571.03,0.3874
571.43,0.3783
571.83,0.3717
572.23,0.3659
572.63,0.3592
573.03,0.3489
573.43,0.3379
573.83,0.3282
574.23,0.3199
574.63,0.3129
575.03,0.3067
575.43,0.3026
575.83,0.3014
576.23,0.3044
576.63,0.3083
577.03,0.3105
577.43,0.3129
577.83,0.3161
578.23,0.3242
578.63,0.3364
579.03,0.3493
579.43,0.3625
579.83,0.3766
580.23,0.3930
580.63,0.4104
581.03,0.4248
581.43,0.4373
581.83,0.4494
582.23,0.4594
582.63,0.4695
583.03,0.4776
583.42,0.4837
583.82,0.4902
584.22,0.4967
584.62,0.5023
585.02,0.5067
585.42,0.5091
585.82,0.5107
586.22,0.5112
586.62,0.5108
587.02,0.5097
587.42,0.5076
587.82,0.5064
588.22,0.5052
588.62,0.5001
589.02,0.4942
589.42,0.4858
589.82,0.4736
590.22,0.4598
590.62,0.4487
591.02,0.4374
591.42,0.4256
591.82,0.4156
592.22,0.4046
592.62,0.3933
593.02,0.3819
593.42,0.3694
593.82,0.3571
594.22,0.3449
594.62,0.3336
595.02,0.3271
595.42,0.3210
595.82,0.3148
596.22,0.3152
596.62,0.3207
597.02,0.3225
597.42,0.3213
597.82,0.3232
598.22,0.3273
598.62,0.3330
599.02,0.3367
599.42,0.3415
599.82,0.3507
600.22,0.3590
600.62,0.3645
601.02,0.3704
601.42,0.3793
601.82,0.3915
602.22,0.4029
602.62,0.4110
603.02,0.4149
603.42,0.4161
603.82,0.4170
604.22,0.4168
604.62,0.4116
605.02,0.4019
605.42,0.3920
605.82,0.3811
606.22,0.3657
606.62,0.3507
607.02,0.3360
607.42,0.3219
607.82,0.3083
608.22,0.2942
608.62,0.2860
609.02,0.2836
609.42,0.2812
609.82,0.2768
610.22,0.2701
610.62,0.2596
611.02,0.2464
611.42,0.2320
611.82,0.2171
612.22,0.2035
612.62,0.1896
613.02,0.1749
613.42,0.1628
613.82,0.1557
614.22,0.1499
614.62,0.1455
615.02,0.1438
615.42,0.1424
615.82,0.1398
616.22,0.1380
616.61,0.1356
617.01,0.1309
617.41,0.1247
617.81,0.1185
618.21,0.1143
618.61,0.1124
619.01,0.1120
619.41,0.1121
619.81,0.1129
620.21,0.1151
620.61,0.1174
621.01,0.1188
621.41,0.1211
621.81,0.1260
622.21,0.1321
622.61,0.1384
623.01,0.1466
623.41,0.1567
623.81,0.1690
624.21,0.1838
624.61,0.1980
625.01,0.2107
625.41,0.2259
625.81,0.2434
626.21,0.2582
626.61,0.2717
627.01,0.2865
627.41,0.3004
627.81,0.3181
628.21,0.3345
628.61,0.3462
629.01,0.3571
629.41,0.3679
629.81,0.3778
630.21,0.3873
630.61,0.3940
631.01,0.3999
631.41,0.4043
631.81,0.4070
632.21,0.4079
632.61,0.4093
633.01,0.4109
633.41,0.4104
633.81,0.4080
634.21,0.4063
634.61,0.4057
635.01,0.4024
635.41,0.3985
635.81,0.3937
636.21,0.3879
636.61,0.3828
637.01,0.3776
637.41,0.3753
637.81,0.3716
638.21,0.3637
638.61,0.3551
639.01,0.3494
639.41,0.3453
639.81,0.3413
640.21,0.3354
640.61,0.3250
641.01,0.3146
641.41,0.3077
641.81,0.3026
642.21,0.2987
642.61,0.2981
643.01,0.3015
643.41,0.3042
643.81,0.3070
644.21,0.3105
644.61,0.3120
645.01,0.3122
645.41,0.3102
645.81,0.3075
646.21,0.3079
646.61,0.3090
647.01,0.3088
647.41,0.3051
647.81,0.2972
648.21,0.2876
648.61,0.2796
649.01,0.2758
649.41,0.2757
649.80,0.2718
650.20,0.2652
650.60,0.2628
651.00,0.2633
651.40,0.2647
651.80,0.2657
652.20,0.2646
652.60,0.2609
653.00,0.2545
653.40,0.2472
653.80,0.2392
654.20,0.2314
654.60,0.2261
655.00,0.2221
655.40,0.2169
655.80,0.2109
656.20,0.2057
656.60,0.2032
657.00,0.2005
657.40,0.1992
657.80,0.1965
658.20,0.1935
658.60,0.1910
659.00,0.1876
659.40,0.1845
659.80,0.1837
660.20,0.1842
660.60,0.1837
661.00,0.1805
661.40,0.1763
661.80,0.1721
662.20,0.1679
662.60,0.1639
663.00,0.1618
663.40,0.1615
663.80,0.1607
664.20,0.1593
664.60,0.1578
665.00,0.1550
665.40,0.1504
665.80,0.1452
666.20,0.1424
666.60,0.1422
667.00,0.1426
667.40,0.1427
667.80,0.1438
668.20,0.1463
668.60,0.1483
669.00,0.1508
669.40,0.1552
669.80,0.1600
670.20,0.1655
670.60,0.1714
671.00,0.1772
671.40,0.1848
671.80,0.1942
672.20,0.2036
672.60,0.2137
673.00,0.2229
673.40,0.2329
673.80,0.2429
674.20,0.2488
674.60,0.2575
675.00,0.2720
675.40,0.2865
675.80,0.2965
676.20,0.3034
676.60,0.3121
677.00,0.3206
677.40,0.3240
677.80,0.3243
678.20,0.3222
678.60,0.3136
679.00,0.2993
679.40,0.2813
679.80,0.2614
680.20,0.2468
680.60,0.2388
681.00,0.2346
681.40,0.2275
681.80,0.2136
682.20,0.1987
682.60,0.1914
683.00,0.1930
683.39,0.1951
683.79,0.1970
684.19,0.2026
684.59,0.2081
684.99,0.2102
685.39,0.2118
685.79,0.2168
686.19,0.2216
686.59,0.2231
686.99,0.2280
687.39,0.2326
687.79,0.2371
688.19,0.2392
688.59,0.2391
688.99,0.2419
689.39,0.2512
689.79,0.2585
690.19,0.2579
690.59,0.2560
690.99,0.2567
691.39,0.2589
691.79,0.2590
692.19,0.2569
692.59,0.2556
692.99,0.2535
693.39,0.2498
693.79,0.2440
694.19,0.2352
694.59,0.2270
694.99,0.2164
695.39,0.2031
695.79,0.1905
696.19,0.1780
696.59,0.1649
696.99,0.1555
697.39,0.1529
697.79,0.1515
698.19,0.1461
698.59,0.1392
698.99,0.1303
699.39,0.1198
699.79,0.1129
700.19,0.1095
700.59,0.1074
700.99,0.1041
701.39,0.1004
701.79,0.0968
702.19,0.0940
702.59,0.0945
702.99,0.0978
703.39,0.1004
703.79,0.0992
704.19,0.0968
704.59,0.0983
704.99,0.1053
705.39,0.1135
705.79,0.1180
706.19,0.1191
706.59,0.1201
706.99,0.1231
707.39,0.1268
707.79,0.1308
708.19,0.1360
708.59,0.1407
708.99,0.1427
709.39,0.1444
709.79,0.1472
710.19,0.1526
710.59,0.1595
710.99,0.1639
711.39,0.1651
711.79,0.1633
712.19,0.1600
712.59,0.1593
712.99,0.1630
713.39,0.1656
713.79,0.1645
714.19,0.1595
714.59,0.1517
714.99,0.1415
715.39,0.1286
715.79,0.1143
716.19,0.1011
716.58,0.0914
716.98,0.0827
717.38,0.0756
717.78,0.0717
718.18,0.0688
718.58,0.0671
718.98,0.0657
719.38,0.0634
719.78,0.0612
720.18,0.0600
720.58,0.0600
720.98,0.0600
721.38,0.0592
721.78,0.0584
722.18,0.0582
722.58,0.0579
722.98,0.0569
723.38,0.0560
723.78,0.0550
724.18,0.0536
724.58,0.0512
724.98,0.0481
725.38,0.0459
725.78,0.0449
726.18,0.0450
726.58,0.0445
726.98,0.0434
727.38,0.0434
727.78,0.0448
728.18,0.0466
728.58,0.0478
728.98,0.0484
729.38,0.0492
729.78,0.0497
730.18,0.0507
730.58,0.0523
730.98,0.0542
731.38,0.0552
731.78,0.0556
732.18,0.0559
732.58,0.0563
732.98,0.0577
733.38,0.0599
733.78,0.0615
734.18,0.0630
734.58,0.0646
734.98,0.0654
735.38,0.0668
735.78,0.0699
736.18,0.0721
736.58,0.0724
736.98,0.0747
737.38,0.0793
737.78,0.0834
738.18,0.0878
738.58,0.0938
738.98,0.1001
739.38,0.1075
739.78,0.1159
740.18,0.1229
740.58,0.1328
740.98,0.1454
741.38,0.1542
741.78,0.1624
742.18,0.1727
742.58,0.1802
742.98,0.1873
743.38,0.1984
743.78,0.2081
744.18,0.2130
744.58,0.2160
744.98,0.2163
745.38,0.2158
745.78,0.2178
746.18,0.2202
746.58,0.2157
746.98,0.2124
747.38,0.2184
747.78,0.2184
748.18,0.2150
748.58,0.2196
748.98,0.2234
749.38,0.2190
749.78,0.2101
750.17,0.2113
750.57,0.2222
750.97,0.2280
751.37,0.2281
751.77,0.2228
752.17,0.2133
752.57,0.2154
752.97,0.2290
753.37,0.2373
753.77,0.2360
754.17,0.2297
754.57,0.2231
754.97,0.2192
755.37,0.2162
755.77,0.2119
756.17,0.2062
756.57,0.1992
756.97,0.1937
757.37,0.1895
757.77,0.1834
758.17,0.1783
758.57,0.1739
758.97,0.1691
759.37,0.1684
759.77,0.1668
760.17,0.1532
760.57,0.1355
760.97,0.1282
761.37,0.1251
761.77,0.1198
762.17,0.1188
762.57,0.1193
762.97,0.1162
763.37,0.1120
763.77,0.1073
764.17,0.1038
764.57,0.1027
764.97,0.1030
765.37,0.1047
765.77,0.1069
766.17,0.1062
766.57,0.1010
766.97,0.0974
767.37,0.1015
767.77,0.1079
768.17,0.1095
768.57,0.1067
768.97,0.1045
769.37,0.1049
769.77,0.1055
770.17,0.1042
770.57,0.1010
770.97,0.1001
771.37,0.1014
771.77,0.1010
772.17,0.0968
772.57,0.0889
772.97,0.0811
773.37,0.0782
773.77,0.0798
774.17,0.0826
774.57,0.0836
774.97,0.0819
775.37,0.0789
775.77,0.0768
776.17,0.0751
776.57,0.0737
776.97,0.0721
777.37,0.0702
777.77,0.0684
778.17,0.0670
778.57,0.0661
778.97,0.0651
779.37,0.0625
779.77,0.0592
780.17,0.0559
780.57,0.0531
780.97,0.0520
781.37,0.0514
781.77,0.0510
782.17,0.0509
782.57,0.0508
782.97,0.0501
783.36,0.0485
783.76,0.0478
784.16,0.0499
784.56,0.0531
784.96,0.0547
785.36,0.0538
785.76,0.0526
786.16,0.0526
786.56,0.0529
786.96,0.0535
787.36,0.0541
787.76,0.0550
788.16,0.0558
788.56,0.0561
788.96,0.0561
789.36,0.0557
789.76,0.0554
790.16,0.0549
790.56,0.0543
790.96,0.0535
791.36,0.0522
791.76,0.0507
792.16,0.0488
792.56,0.0472
792.96,0.0465
793.36,0.0466
793.76,0.0460
794.16,0.0447
794.56,0.0435
794.96,0.0428
795.36,0.0431
795.76,0.0433
796.16,0.0434
796.56,0.0433
796.96,0.0432
797.36,0.0437
797.76,0.0445
798.16,0.0451
798.56,0.0454
798.96,0.0454
799.36,0.0461
799.76,0.0470
800.16,0.0468
800.56,0.0474
800.96,0.0486
801.36,0.0481
801.76,0.0477
802.16,0.0485
802.56,0.0493
802.96,0.0496
803.36,0.0500
803.76,0.0497
804.16,0.0498
804.56,0.0516
804.96,0.0528
805.36,0.0528
805.76,0.0531
806.16,0.0542
806.56,0.0559
806.96,0.0576
807.36,0.0583
807.76,0.0585
808.16,0.0597
808.56,0.0594
808.96,0.0574
809.36,0.0579
809.76,0.0600
810.16,0.0605
810.56,0.0604
810.96,0.0611
811.36,0.0643
811.76,0.0680
812.16,0.0701
812.56,0.0707
812.96,0.0714
813.36,0.0736
813.76,0.0772
814.16,0.0791
814.56,0.0787
814.96,0.0796
815.36,0.0833
815.76,0.0867
816.16,0.0903
816.55,0.0935
816.95,0.0959
817.35,0.0995
817.75,0.1054
818.15,0.1123
818.55,0.1185
818.95,0.1213
819.35,0.1238
819.75,0.1272
820.15,0.1296
820.55,0.1324
820.95,0.1369
821.35,0.1416
821.75,0.1444
822.15,0.1467
822.55,0.1469
822.95,0.1453
823.35,0.1422
823.75,0.1396
824.15,0.1386
824.55,0.1376
824.95,0.1362
825.35,0.1338
825.75,0.1318
826.15,0.1313
826.55,0.1325
826.95,0.1332
827.35,0.1364
827.75,0.1433
828.15,0.1511
828.55,0.1580
828.95,0.1643
829.35,0.1720
829.75,0.1797
830.15,0.1847
830.55,0.1884
830.95,0.1928
831.35,0.1952
831.75,0.1922
832.15,0.1843
832.55,0.1730
832.95,0.1588
833.35,0.1403
833.75,0.1237
834.15,0.1091
834.55,0.0939
834.95,0.0807
835.35,0.0715
835.75,0.0650
836.15,0.0606
836.55,0.0568
836.95,0.0538
837.35,0.0509
837.75,0.0479
838.15,0.0437
838.55,0.0414
838.95,0.0421
839.35,0.0439
839.75,0.0447
840.15,0.0437
840.55,0.0417
840.95,0.0394
841.35,0.0381
841.75,0.0385
842.15,0.0420
842.55,0.0469
842.95,0.0486
843.35,0.0473
843.75,0.0448
844.15,0.0435
844.55,0.0455
844.95,0.0491
845.35,0.0529
845.75,0.0565
846.15,0.0579
846.55,0.0576
846.95,0.0569
847.35,0.0561
847.75,0.0568
848.15,0.0574
848.55,0.0598
848.95,0.0630
849.35,0.0643
849.74,0.0631
850.14,0.0588
850.54,0.0576
850.94,0.0567
851.34,0.0557
851.74,0.0544
852.14,0.0517
852.54,0.0495
852.94,0.0468
853.34,0.0440
853.74,0.0437
854.14,0.0440
854.54,0.0401
854.94,0.0390
855.34,0.0398
855.74,0.0387
856.14,0.0374
856.54,0.0364
856.94,0.0353
857.34,0.0341
857.74,0.0331
858.14,0.0325
858.54,0.0322
858.94,0.0317
859.34,0.0314
859.74,0.0309
860.14,0.0301
860.54,0.0297
860.94,0.0293
861.34,0.0283
861.74,0.0272
862.14,0.0268
862.54,0.0266
862.94,0.0266
863.34,0.0261
863.74,0.0255
864.14,0.0256
864.54,0.0257
864.94,0.0254
865.34,0.0252
865.74,0.0263
866.14,0.0276
866.54,0.0262
866.94,0.0260
867.34,0.0275
867.74,0.0288
868.14,0.0294
868.54,0.0301
868.94,0.0310
869.34,0.0313
869.74,0.0320
870.14,0.0327
870.54,0.0334
870.94,0.0341
871.34,0.0345
871.74,0.0351
872.14,0.0353
872.54,0.0356
872.94,0.0363
873.34,0.0365
873.74,0.0360
874.14,0.0355
874.54,0.0361
874.94,0.0368
875.34,0.0365
875.74,0.0357
876.14,0.0354
876.54,0.0352
876.94,0.0350
877.34,0.0345
877.74,0.0336
878.14,0.0334
878.54,0.0333
878.94,0.0330
879.34,0.0321
879.74,0.0301
880.14,0.0284
880.54,0.0275
880.94,0.0260
881.34,0.0237
881.74,0.0215
882.14,0.0199
882.54,0.0183
882.94,0.0166
883.33,0.0152
883.73,0.0146
884.13,0.0147
884.53,0.0154
884.93,0.0161
885.33,0.0163
885.73,0.0165
886.13,0.0158
886.53,0.0139
886.93,0.0130
887.33,0.0139
887.73,0.0153
888.13,0.0164
888.53,0.0170
888.93,0.0168
889.33,0.0164
889.73,0.0164
890.13,0.0162
890.53,0.0162
890.93,0.0165
891.33,0.0171
891.73,0.0177
892.13,0.0179
892.53,0.0178
892.93,0.0176
893.33,0.0168
893.73,0.0164
894.13,0.0165
894.53,0.0169
894.93,0.0168
895.33,0.0163
895.73,0.0158
896.13,0.0159
896.53,0.0169
896.93,0.0179
897.33,0.0180
897.73,0.0177
898.13,0.0173
898.53,0.0170
898.93,0.0177
899.33,0.0188
899.73,0.0197
900.13,0.0203
900.53,0.0204
900.93,0.0207
901.33,0.0215
901.73,0.0220
902.13,0.0224
902.53,0.0230
902.93,0.0236
903.33,0.0249
903.73,0.0261
904.13,0.0261
904.53,0.0261
904.93,0.0272
905.33,0.0282
905.73,0.0285
906.13,0.0290
906.53,0.0296
906.93,0.0303
907.33,0.0310
907.73,0.0317
908.13,0.0324
908.53,0.0329
908.93,0.0343
909.33,0.0352
909.73,0.0356
910.13,0.0355
910.53,0.0346
910.93,0.0330
911.33,0.0320
911.73,0.0321
912.13,0.0318
912.53,0.0306
912.93,0.0300
913.33,0.0303
913.73,0.0314
914.13,0.0321
914.53,0.0323
914.93,0.0325
915.33,0.0333
915.73,0.0329
916.13,0.0326
916.52,0.0337
916.92,0.0352
917.32,0.0370
917.72,0.0387
918.12,0.0391
918.52,0.0388
918.92,0.0393
919.32,0.0397
919.72,0.0402
920.12,0.0421
920.52,0.0442
920.92,0.0451
921.32,0.0463
921.72,0.0484
922.12,0.0504
922.52,0.0514
922.92,0.0535
923.32,0.0560
923.72,0.0575
924.12,0.0599
924.52,0.0651
924.92,0.0690
925.32,0.0676
925.72,0.0647
926.12,0.0648
926.52,0.0691
926.92,0.0751
927.32,0.0770
927.72,0.0785
928.12,0.0863
928.52,0.0955
928.92,0.1001
929.32,0.1006
929.72,0.0992
930.12,0.1004
930.52,0.1075
930.92,0.1158
931.32,0.1203
931.72,0.1214
932.12,0.1209
932.52,0.1220
932.92,0.1267
933.32,0.1331
933.72,0.1415
934.12,0.1513
934.52,0.1596
934.92,0.1659
935.32,0.1719
935.72,0.1719
936.12,0.1678
936.52,0.1724
936.92,0.1787
937.32,0.1733
937.72,0.1665
938.12,0.1715
938.52,0.1802
938.92,0.1825
939.32,0.1794
939.72,0.1740
940.12,0.1646
940.52,0.1539
940.92,0.1440
941.32,0.1370
941.72,0.1303
942.12,0.1192
942.52,0.1086
942.92,0.0997
943.32,0.0925
943.72,0.0908
944.12,0.0887
944.52,0.0820
944.92,0.0772
945.32,0.0752
945.72,0.0729
946.12,0.0667
946.52,0.0578
946.92,0.0503
947.32,0.0440
947.72,0.0446
948.12,0.0545
948.52,0.0615
948.92,0.0631
949.32,0.0636
949.72,0.0607
950.11,0.0556
950.51,0.0499
950.91,0.0434
951.31,0.0384
951.71,0.0394
952.11,0.0464
952.51,0.0516
952.91,0.0530
953.31,0.0542
953.71,0.0550
954.11,0.0544
954.51,0.0527
954.91,0.0496
955.31,0.0479
955.71,0.0463
956.11,0.0443
956.51,0.0415
956.91,0.0389
957.31,0.0388
957.71,0.0407
958.11,0.0415
958.51,0.0394
958.91,0.0368
959.31,0.0347
959.71,0.0334
960.11,0.0324
960.51,0.0312
960.91,0.0299
961.31,0.0290
961.71,0.0281
962.11,0.0269
962.51,0.0253
962.91,0.0240
963.31,0.0231
963.71,0.0227
964.11,0.0230
964.51,0.0225
964.91,0.0214
965.31,0.0206
965.71,0.0201
966.11,0.0195
966.51,0.0191
966.91,0.0188
967.31,0.0190
967.71,0.0195
968.11,0.0195
968.51,0.0193
968.91,0.0193
969.31,0.0195
969.71,0.0191
970.11,0.0182
970.51,0.0169
970.91,0.0170
971.31,0.0179
971.71,0.0189
972.11,0.0195
972.51,0.0194
972.91,0.0194
973.31,0.0192
973.71,0.0186
974.11,0.0189
974.51,0.0197
974.91,0.0205
975.31,0.0212
975.71,0.0218
976.11,0.0223
976.51,0.0224
976.91,0.0222
977.31,0.0220
977.71,0.0222
978.11,0.0223
978.51,0.0225
978.91,0.0221
979.31,0.0219
979.71,0.0217
980.11,0.0211
980.51,0.0205
980.91,0.0201
981.31,0.0197
981.71,0.0186
982.11,0.0174
982.51,0.0165
982.91,0.0156
983.30,0.0152
983.70,0.0149
984.10,0.0146
984.50,0.0148
984.90,0.0150
985.30,0.0150
985.70,0.0151
986.10,0.0152
986.50,0.0154
986.90,0.0153
987.30,0.0140
987.70,0.0123
988.10,0.0120
988.50,0.0126
988.90,0.0136
989.30,0.0135
989.70,0.0139
990.10,0.0142
990.50,0.0142
990.90,0.0141
991.30,0.0148
991.70,0.0153
992.10,0.0150
992.50,0.0146
992.90,0.0146
993.30,0.0143
993.70,0.0146
994.10,0.0154
994.50,0.0158
994.90,0.0156
995.30,0.0148
995.70,0.0140
996.10,0.0143
996.50,0.0152
996.90,0.0160
997.30,0.0165
997.70,0.0166
998.10,0.0161
998.50,0.0164
998.90,0.0169
999.30,0.0175
999.70,0.0175
1000.10,0.0172
1000.50,0.0161
1000.90,0.0161
1001.30,0.0169
1001.70,0.0174
1002.10,0.0172
1002.50,0.0173
1002.90,0.0176
1003.30,0.0171
1003.70,0.0171
1004.10,0.0163
1004.50,0.0155
1004.90,0.0154
1005.30,0.0136
1005.70,0.0125
1006.10,0.0124
1006.50,0.0126
1006.90,0.0125
1007.30,0.0123
1007.70,0.0126
1008.10,0.0118
1008.50,0.0115
1008.90,0.0122
1009.30,0.0121
1009.70,0.0122
1010.10,0.0125
1010.50,0.0125
1010.90,0.0116
1011.30,0.0119
1011.70,0.0121
1012.10,0.0128
1012.50,0.0136
1012.90,0.0119
1013.30,0.0107
1013.70,0.0118
1014.10,0.0129
1014.50,0.0134
1014.90,0.0130
1015.30,0.0134
1015.70,0.0153
1016.10,0.0151
1016.49,0.0144
1016.89,0.0159
1017.29,0.0155
1017.69,0.0150
1018.09,0.0160
1018.49,0.0175
1018.89,0.0170
1019.29,0.0164
1019.69,0.0168
1020.09,0.0179
1020.49,0.0177
1020.89,0.0161
1021.29,0.0168
1021.69,0.0180
1022.09,0.0174
1022.49,0.0173
1022.89,0.0171
1023.29,0.0148
1023.69,0.0139
1024.09,0.0143
1024.49,0.0154
1024.89,0.0147
1025.29,0.0156
1025.69,0.0170
1026.09,0.0160
1026.49,0.0148
1026.89,0.0165
1027.29,0.0171
1027.69,0.0152
1028.09,0.0156
1028.49,0.0147
1028.89,0.0148
1029.29,0.0150
1029.69,0.0137
1030.09,0.0147
1030.49,0.0143
1030.89,0.0142
1031.29,0.0156
1031.69,0.0178
1032.09,0.0200
1032.49,0.0178
1032.89,0.0187
1033.29,0.0175
1033.69,0.0199
1034.09,0.0214
1034.49,0.0177
1034.89,0.0174
1035.29,0.0154
1035.69,0.0162
1036.09,0.0162
1036.49,0.0196
1036.89,0.0197
1037.29,0.0173
1037.69,0.0198
1038.09,0.0165
1038.49,0.0162
1038.89,0.0182
1039.29,0.0199
1039.69,0.0213
1040.09,0.0237
1040.49,0.0217
1040.89,0.0239
1041.29,0.0205
1041.69,0.0243
1042.09,0.0249
1042.49,0.0272
1042.89,0.0267
1043.29,0.0270
1043.69,0.0275
1044.09,0.0304
1044.49,0.0305
1044.89,0.0320
1045.29,0.0328
1045.69,0.0362
1046.09,0.0406
1046.49,0.0364
1046.89,0.0360
1047.29,0.0379
1047.69,0.0418
1048.09,0.0433
1048.49,0.0452
1048.89,0.0444
1049.29,0.0441
1049.69,0.0448
